,dDbar,Sequence,Sensitivity,seq,Start,End
0,dDbar,44-59- LKDGAQKEADKLGYNL,0.007515873015873019,LKDGAQKEADKLGYNL,44,59
1,dDbar,44-62- LKDGAQKEADKLGYNLVVL,0.010019607843137253,LKDGAQKEADKLGYNLVVL,44,62
2,dDbar,45-58- KDGAQKEADKLGYN,0.012021604938271604,KDGAQKEADKLGYN,45,58
3,dDbar,46-59- DGAQKEADKLGYNL,0.005995370370370366,DGAQKEADKLGYNL,46,59
4,dDbar,60-66- VVLDSQN,0.08361111111111114,VVLDSQN,60,66
5,dDbar,63-73- DSQNNPAKELA,0.045347222222222226,DSQNNPAKELA,63,73
6,dDbar,66-73- NNPAKELA,0.01835555555555555,NNPAKELA,66,73
7,dDbar,70-83- KELANVQDLTVRGT,0.014398148148148148,KELANVQDLTVRGT,70,83
8,dDbar,73-81- ANVQDLTVR,-0.0167142857142857,ANVQDLTVR,73,81
9,dDbar,73-87- ANVQDLTVRGTKILL,0.009517094017094004,ANVQDLTVRGTKILL,73,87
10,dDbar,75-87- VQDLTVRGTKILL,0.007929292929292921,VQDLTVRGTKILL,75,87
11,dDbar,77-86- DLTVRGTKIL,0.007020833333333341,DLTVRGTKIL,77,86
12,dDbar,77-87- DLTVRGTKILL,0.005401234567901225,DLTVRGTKILL,77,87
13,dDbar,77-89- DLTVRGTKILLIN,0.009252525252525247,DLTVRGTKILLIN,77,89
14,dDbar,94-102- DAVGNAVKM,-0.002253968253968253,DAVGNAVKM,94,102
15,dDbar,111-115- ITLDR,0.05996296296296296,ITLDR,111,115
16,dDbar,126-133- IASDNVLG,-0.016685185185185202,IASDNVLG,126,133
17,dDbar,134-151- GKIAGDYIAKKAGEGAKV,0.03464930555555556,GKIAGDYIAKKAGEGAKV,134,151
18,dDbar,136-154- IAGDYIAKKAGEGAKVIEL,0.0,IAGDYIAKKAGEGAKVIEL,136,154
19,dDbar,137-154- AGDYIAKKAGEGAKVIEL,0.0023333333333333353,AGDYIAKKAGEGAKVIEL,137,154
20,dDbar,139-155- DYIAKKAGEGAKVIELQ,-0.002633333333333333,DYIAKKAGEGAKVIELQ,139,155
21,dDbar,155-166- QGIAGTSAARER,-0.051233333333333325,QGIAGTSAARER,155,166
22,dDbar,156-173- GIAGTSAARERGEGFQQA,0.041375,GIAGTSAARERGEGFQQA,156,173
23,dDbar,157-169- IAGTSAARERGEG,0.005040404040404042,IAGTSAARERGEG,157,169
24,dDbar,193-203- KGLNVMQNLLT,0.00393827160493827,KGLNVMQNLLT,193,203
25,dDbar,194-209- GLNVMQNLLTAHPDVQ,0.015239316239316243,GLNVMQNLLTAHPDVQ,194,209
26,dDbar,196-205- NVMQNLLTAH,0.0,NVMQNLLTAH,196,205
27,dDbar,199-209- QNLLTAHPDVQ,-0.010993055555555556,QNLLTAHPDVQ,199,209
28,dDbar,200-204- NLLTA,-0.027462962962962963,NLLTA,200,204
29,dDbar,200-205- NLLTAH,-0.005958333333333343,NLLTAH,200,205
30,dDbar,203-211- TAHPDVQAV,-0.04592592592592594,TAHPDVQAV,203,211
31,dDbar,216-226- DEMALGALRAL,0.04325514403292182,DEMALGALRAL,216,226
32,dDbar,221-229- GALRALQTA,0.01373015873015874,GALRALQTA,221,229
33,dDbar,222-226- ALRAL,0.017981481481481477,ALRAL,222,226
34,dDbar,222-230- ALRALQTAG,0.011333333333333341,ALRALQTAG,222,230
35,dDbar,222-235- ALRALQTAGKSDVM,0.0428564814814815,ALRALQTAGKSDVM,222,235
36,dDbar,224-236- RALQTAGKSDVMV,-0.01543939393939396,RALQTAGKSDVMV,224,236
37,dDbar,228-239- TAGKSDVMVVGF,-0.0010000000000000035,TAGKSDVMVVGF,228,239
38,dDbar,236-250- VVGFDGTPDGEKAVN,0.07374537037037036,VVGFDGTPDGEKAVN,236,250
39,dDbar,237-257- VGFDGTPDGEKAVNDGKLAAT,0.008274691358024715,VGFDGTPDGEKAVNDGKLAAT,237,257
40,dDbar,267-277- AKGVETADKVL,0.006691358024691357,AKGVETADKVL,267,277
